658,asdasdjhg
736,sdfsygjtjhghgj
121,asdghj
014,1asdajgh
857,dasjg
843,asfashjd
617,asdasgk
465,sfgdsgtj
087,hfdfgdg
460,hfshsdfhgdfgfdsfgh
438,hdfghsdgg
756,fdfgdsgh
476,gdf
307,fdsgfsgd
760,jkfdf
431,lhgd
658,fgggg
357,dfsd
486,dggfgajf
530,hdsfhsvfggjf
487,fhgdzxcgdfhz
063,fsfgvbvgv
131,gdshhmfj
650,kjkls
876,hgkllggsf
475,khjlfdf
346,gjlhfksls
576,jkjkfgsdf
574,fgsdg
363,fghjkd
875,fghdhjg
643,jsfghhd
756,hfghhd
475,hssfghshdsghsghshd
310,sfdhsfdgghjjsf
003,jsgfs
703,sgsghs
165,hhsghg
087,dghghshds
436,qweer
507,erwerk
436,sdgsxdcdff
508,sdfzxch
437,zxcvxchgd
065,zxvxcvxcs
743,zxxcvvsg
650,cvzvbcxcvv
363,cvbxvxxccb
063,cvbxcvvv
568,cbnxcvb
658,vbcbw
734,mngzvzvwercvxcvx
658,hjzmjgr
736,gjzhjw
031,koghwr
018,uiojer
765,kghmghw
483,nmzxcnjgwer
175,mmmnrnj
603,nmzscdzxc
874,nmzxczrcbv
563,sdvxcw
876,fsvxcvxevvnc
031,svsccvsbnnvc
786,vsdcdsvxc
538,sdxcs
745,cvxcxv
603,xcxcvxcvvxv
785,vxcbbxd
843,cvvxbh
563,xcvbg
880,cbnvnvbkn
368,vcbnbng
303,bnvvhjk
165,jkhjghj
843,hjkkkhhnfdhj
564,khjdfgh
385,hfcvdddfgf
634,fghhddf
876,dfgfghsgfh
543,fsgfhf
786,fgngdsd
507,ssdfsdsdf
436,sfdfsdss
510,dgfhgs
018,fggmghfsfgh
654,ffjfghfgjd
318,ffgksgf
765,fhoyuin
873,jfgyuijkgs
465,gjkgyuodfgsgsdfh
016,jkiofgd
348,uipoyuds
563,yyuifg
187,ouyuiofdsgfd
654,iojkljkfl
187,kkjjlgd
643,kljkwedf
873,lkljljfg
650,jkljklsbkf
876,jkhjkz<gkhjhd
308,ljkjzcv
760,kljzxzcvxzzj
314,kcwervsdsatws
658,erwtdf
436,dwefsrswsesw
503,dfsd
871,zcvsdd
650,zxcfbgg
187,vsdfsddfhfg
365,fsdftyv
087,sdfgrtyvx
346,rqweeyrem
503,asdadgshdf
176,adsdaskdxczvxc
543,fsfdajdseefa
087,ertekty
563,ertg
876,errthgtyghj
518,hgfjhfghgc
768,fhfjfjhj
743,yutyig
165,utyutgjgngjh
087,utyjghvbj
431,njghjggh
650,nmghjghjkhh
431,ikyoug
965,opouipgj
843,uihjklbcj
658,jcvbcvvgfhc
437,ghngghj
560,fgngbnjvhj
348,ghbmhg
643,gjlkoglhk
105,hjkhj
643,niouigh
587,khiouloihj
436,oukjnljg
538,hytuyuogh
745,yuirsdj
687,hjvbndcvbj
435,sdfsdfsewrh
608,sdfsdfsfg
743,dcsgfcvcbmfj
653,xvsdfsdfsdfjk
100,xcsvsdvxckgtyutyiuy
143,vxcoyulgj
658,uiouttyhjh
314,uityvnm
843,ouityuruh
760,pyrtyukhj
438,uazsdwrteryasdo
653,gaseqgtyui
476,dassdqwfgi
587,ddageredfkyu
643,asdaeqsqgyui
016,asdwdfhghjk
574,gghj
306,jhjghfsj
574,hjgsd
365,sdrwsdfef
430,ssgfs
965,efedsfbsdvqr
932,srxcsdf
652,fswegsfrd
